alpha,bandwidth_cv_folds,bandwidth_cv_path,bandwidth_cv_score,bandwidth_fine_grid_size,bandwidth_grid_size,bandwidth_manifold,bandwidth_scale_x,bandwidth_scale_z,bandwidth_search,bandwidth_selection,bandwidth_theory_mode,bandwidth_x,bandwidth_z,best_intensity_plot_dir,best_intensity_plot_files,best_intensity_plot_metadata,best_intensity_plot_repetition,best_model_path,best_repeat,beta,boundary_correction,correction_type,covariate_sampler,cv_save_runtime_seconds,dnn_architecture,dnn_architecture_rate_exponent,dnn_architecture_tag,dnn_depth,dnn_hidden_layers,dnn_integration_points,dnn_quadrature_mode,dnn_width,epsilon,event_dim,expected_count,fit_runtime_seconds,gaussian_cutoff,hellinger_runtime_seconds,intensity_plot_created_this_run,kernel,kernel_cv_max_events_per_replicate,kernel_cv_max_replicates,manifold_input,manifold_learning,manifold_type,mean_observed_count,mesh_resolution,method,metrics_update_runtime_seconds,metrics_write_runtime_seconds,model_path_tmp,model_save_runtime_seconds,model_saved,model_selection_runtime_seconds,model_suffix,n,output_activation,plot_after_repetitions,plot_runtime_seconds,postprocess_runtime_seconds,repetition,runtime_seconds,save_model_policy,scenario,seed,setting_hash,simulate_runtime_seconds,squared_hellinger,support,support_type,theory_rate_exponent,total_events,use_gaussian_cutoff,validation_quadrature_method,validation_z_chunk_size,z_dim
,,,,,,,,,,,,,,,,,,results/models/best/666e9b3fa7c69f2468a3bd967511ffc0/best_model.pt,0,2.0,,,uniform,0.0,theory,0.8,theory_ref1000_ds3_ws64_stochq,2,"[56, 56]",128,stochastic,56,0.0001,1,30.0,6.724229207999997,,0.7285539289999861,False,,,,,,,30.66,,dnn_npmle_softplus_theory_ref1000_ds3_ws64_stochq,0.0009275629999763169,0.0014693550000117739,results/models/tmp/666e9b3fa7c69f2468a3bd967511ffc0_rep0.pt,0.007845619999983455,True,0.002651912000004586,.pt,100,softplus,3,0.0,1.8510301080000033,0,9.323758406999985,best_repeat,near_zero,4241025947,666e9b3fa7c69f2468a3bd967511ffc0,0.019945161999999073,0.2133373913737022,euclidean1d,euclidean,0.8,3066,,,,0
,,,,,,,,,,,,,,,,,,results/models/best/666e9b3fa7c69f2468a3bd967511ffc0/best_model.pt,0,2.0,,,uniform,0.0,theory,0.8,theory_ref1000_ds3_ws64_stochq,2,"[56, 56]",128,stochastic,56,0.0001,1,30.0,2.859449645000012,,0.6789935349999894,False,,,,,,,31.62,,dnn_npmle_softplus_theory_ref1000_ds3_ws64_stochq,0.002540233000019043,0.0020973780000019815,results/models/tmp/666e9b3fa7c69f2468a3bd967511ffc0_rep1.pt,0.0023773970000036115,False,0.003856960000007348,.pt,100,softplus,3,0.0,1.6962105919999715,1,5.251129142999986,best_repeat,near_zero,4241025948,666e9b3fa7c69f2468a3bd967511ffc0,0.01647537100001273,3.7579344005967843,euclidean1d,euclidean,0.8,3162,,,,0
,,,,,,,,,,,,,,results/plots/intensity/near_zero/euclidean1d/zdim_0/n_100/dnn_npmle_softplus_theory_ref1000_ds3_ws64_stochq,"[""results/plots/intensity/near_zero/euclidean1d/zdim_0/n_100/dnn_npmle_softplus_theory_ref1000_ds3_ws64_stochq/intensity_1d.png""]",results/plots/intensity/near_zero/euclidean1d/zdim_0/n_100/dnn_npmle_softplus_theory_ref1000_ds3_ws64_stochq/best_repeat_plot_metadata.json,0,results/models/best/666e9b3fa7c69f2468a3bd967511ffc0/best_model.pt,0,2.0,,,uniform,0.0,theory,0.8,theory_ref1000_ds3_ws64_stochq,2,"[56, 56]",128,stochastic,56,0.0001,1,30.0,3.2662637420000067,,0.7045487449999825,True,,,,,,,31.35,,dnn_npmle_softplus_theory_ref1000_ds3_ws64_stochq,0.004943092000019078,0.0025767190000181017,results/models/tmp/666e9b3fa7c69f2468a3bd967511ffc0_rep2.pt,0.0022784489999878588,False,0.005772086999996873,.pt,100,softplus,3,1.5791142090000108,1.8349692609999977,2,7.399234896999985,best_repeat,near_zero,4241025949,666e9b3fa7c69f2468a3bd967511ffc0,0.014338939999987588,0.3043165566074409,euclidean1d,euclidean,0.8,3135,,,,0
,,,,,,,,,,,,,,,,,,results/models/best/501dd42392afb51ac14a767ff765406d/best_model.pt,0,2.0,,,uniform,0.0,theory,0.8,theory_ref1000_ds3_ws64_stochq,2,"[56, 56]",128,stochastic,56,0.0001,1,30.0,3.9777499209999974,,0.002052912000010565,False,,,,,,,30.66,,dnn_npmle_relu_theory_ref1000_ds3_ws64_stochq,0.0009559949999982109,0.0019093290000000707,results/models/tmp/501dd42392afb51ac14a767ff765406d_rep0.pt,0.00391481299999441,True,0.002731519999997545,.pt,100,relu,3,0.0,1.765447488999996,0,5.760084511000002,best_repeat,near_zero,4241025947,501dd42392afb51ac14a767ff765406d,0.014834188999998332,0.2277725617991882,euclidean1d,euclidean,0.8,3066,,,,0
,,,,,,,,,,,,,,,,,,results/models/best/501dd42392afb51ac14a767ff765406d/best_model.pt,0,2.0,,,uniform,0.0,theory,0.8,theory_ref1000_ds3_ws64_stochq,2,"[56, 56]",128,stochastic,56,0.0001,1,30.0,2.938025653000011,,0.0026843740000117577,False,,,,,,,31.62,,dnn_npmle_relu_theory_ref1000_ds3_ws64_stochq,0.003106669999993983,0.0023104880000062167,results/models/tmp/501dd42392afb51ac14a767ff765406d_rep1.pt,0.002683622999995805,False,0.0043712190000064766,.pt,100,relu,3,0.0,1.7896437320000018,1,4.7455110650000165,best_repeat,near_zero,4241025948,501dd42392afb51ac14a767ff765406d,0.015157305999991877,3.7579344005967843,euclidean1d,euclidean,0.8,3162,,,,0
,,,,,,,,,,,,,,results/plots/intensity/near_zero/euclidean1d/zdim_0/n_100/dnn_npmle_relu_theory_ref1000_ds3_ws64_stochq,"[""results/plots/intensity/near_zero/euclidean1d/zdim_0/n_100/dnn_npmle_relu_theory_ref1000_ds3_ws64_stochq/intensity_1d.png""]",results/plots/intensity/near_zero/euclidean1d/zdim_0/n_100/dnn_npmle_relu_theory_ref1000_ds3_ws64_stochq/best_repeat_plot_metadata.json,0,results/models/best/501dd42392afb51ac14a767ff765406d/best_model.pt,0,2.0,,,uniform,0.0,theory,0.8,theory_ref1000_ds3_ws64_stochq,2,"[56, 56]",128,stochastic,56,0.0001,1,30.0,3.3136783530000002,,0.0020739910000031614,True,,,,,,,31.35,,dnn_npmle_relu_theory_ref1000_ds3_ws64_stochq,0.005379506000025458,0.002845652000019072,results/models/tmp/501dd42392afb51ac14a767ff765406d_rep2.pt,0.0024667989999898055,False,0.006650564000011627,.pt,100,relu,3,0.6709895839999831,1.7772636889999944,2,5.778792632999995,best_repeat,near_zero,4241025949,501dd42392afb51ac14a767ff765406d,0.014787016000013864,0.2702278631374626,euclidean1d,euclidean,0.8,3135,,,,0
,,,,,,,,,,,,,,,,,,results/models/best/35491ddb6a7e50539f8a9c4f08b23785/best_model.pt,2,2.0,,,uniform,0.0,theory,0.8,theory_ref1000_ds3_ws64_stochq,3,"[64, 64, 64]",128,stochastic,64,0.0001,1,30.0,3.1736707000000024,,0.7120183760000032,False,,,,,,,30.75,,dnn_npmle_softplus_theory_ref1000_ds3_ws64_stochq,0.0018590189999940776,0.0026495310000029804,results/models/tmp/35491ddb6a7e50539f8a9c4f08b23785_rep0.pt,0.0029937740000036683,False,0.002971981999991158,.pt,316,softplus,3,0.0,1.7982083839999916,0,5.727257404999989,best_repeat,near_zero,866004336,35491ddb6a7e50539f8a9c4f08b23785,0.04335994499999174,0.22642936450631668,euclidean1d,euclidean,0.8,9717,,,,0
,,,,,,,,,,,,,,,,,,results/models/best/35491ddb6a7e50539f8a9c4f08b23785/best_model.pt,2,2.0,,,uniform,0.0,theory,0.8,theory_ref1000_ds3_ws64_stochq,3,"[64, 64, 64]",128,stochastic,64,0.0001,1,30.0,3.184055360000002,,0.6844835680000187,False,,,,,,,31.803797468354432,,dnn_npmle_softplus_theory_ref1000_ds3_ws64_stochq,0.005378238000048441,0.003579045000037695,results/models/tmp/35491ddb6a7e50539f8a9c4f08b23785_rep1.pt,0.0028642749999789885,False,0.005438404999949853,.pt,316,softplus,3,0.0,1.79708232400003,1,5.705987961000005,best_repeat,near_zero,866004337,35491ddb6a7e50539f8a9c4f08b23785,0.040366708999954426,0.19031921878925234,euclidean1d,euclidean,0.8,10050,,,,0
,,,,,,,,,,,,,,results/plots/intensity/near_zero/euclidean1d/zdim_0/n_316/dnn_npmle_softplus_theory_ref1000_ds3_ws64_stochq,"[""results/plots/intensity/near_zero/euclidean1d/zdim_0/n_316/dnn_npmle_softplus_theory_ref1000_ds3_ws64_stochq/intensity_1d.png""]",results/plots/intensity/near_zero/euclidean1d/zdim_0/n_316/dnn_npmle_softplus_theory_ref1000_ds3_ws64_stochq/best_repeat_plot_metadata.json,2,results/models/best/35491ddb6a7e50539f8a9c4f08b23785/best_model.pt,2,2.0,,,uniform,0.0,theory,0.8,theory_ref1000_ds3_ws64_stochq,3,"[64, 64, 64]",128,stochastic,64,0.0001,1,30.0,3.121497498999986,,0.7192731340000478,True,,,,,,,31.569620253164558,,dnn_npmle_softplus_theory_ref1000_ds3_ws64_stochq,0.008766518000015822,0.0037865180000267173,results/models/tmp/35491ddb6a7e50539f8a9c4f08b23785_rep2.pt,0.002773688999980095,True,0.006124773000010464,.pt,316,softplus,3,0.5588056139999935,1.8149175909999258,2,6.257487581999953,best_repeat,near_zero,866004338,35491ddb6a7e50539f8a9c4f08b23785,0.042993744000000333,0.17794320696073862,euclidean1d,euclidean,0.8,9976,,,,0
,,,,,,,,,,,,,,,,,,results/models/best/c9c8bc6023e4f545533d110f2cf8b599/best_model.pt,2,2.0,,,uniform,0.0,theory,0.8,theory_ref1000_ds3_ws64_stochq,3,"[64, 64, 64]",128,stochastic,64,0.0001,1,30.0,3.199433147000036,,0.0025566090000097574,False,,,,,,,30.75,,dnn_npmle_relu_theory_ref1000_ds3_ws64_stochq,0.0026108879999924284,0.0029317050000372546,results/models/tmp/c9c8bc6023e4f545533d110f2cf8b599_rep0.pt,0.0023565330000110407,False,0.0036031960000286745,.pt,316,relu,3,0.0,1.777104498,0,5.020762827000027,best_repeat,near_zero,866004336,c9c8bc6023e4f545533d110f2cf8b599,0.04166857299998128,0.2328824035207885,euclidean1d,euclidean,0.8,9717,,,,0
,,,,,,,,,,,,,,,,,,results/models/best/c9c8bc6023e4f545533d110f2cf8b599/best_model.pt,2,2.0,,,uniform,0.0,theory,0.8,theory_ref1000_ds3_ws64_stochq,3,"[64, 64, 64]",128,stochastic,64,0.0001,1,30.0,3.077203119000046,,0.0025104300000293733,False,,,,,,,31.803797468354432,,dnn_npmle_relu_theory_ref1000_ds3_ws64_stochq,0.005374405999987175,0.003192444000035266,results/models/tmp/c9c8bc6023e4f545533d110f2cf8b599_rep1.pt,0.0027626280000276893,False,0.004595901000016056,.pt,316,relu,3,0.0,1.7695078709999166,1,4.89439446800003,best_repeat,near_zero,866004337,c9c8bc6023e4f545533d110f2cf8b599,0.04517304800003785,0.2194337025595845,euclidean1d,euclidean,0.8,10050,,,,0
,,,,,,,,,,,,,,results/plots/intensity/near_zero/euclidean1d/zdim_0/n_316/dnn_npmle_relu_theory_ref1000_ds3_ws64_stochq,"[""results/plots/intensity/near_zero/euclidean1d/zdim_0/n_316/dnn_npmle_relu_theory_ref1000_ds3_ws64_stochq/intensity_1d.png""]",results/plots/intensity/near_zero/euclidean1d/zdim_0/n_316/dnn_npmle_relu_theory_ref1000_ds3_ws64_stochq/best_repeat_plot_metadata.json,2,results/models/best/c9c8bc6023e4f545533d110f2cf8b599/best_model.pt,2,2.0,,,uniform,0.0,theory,0.8,theory_ref1000_ds3_ws64_stochq,3,"[64, 64, 64]",128,stochastic,64,0.0001,1,30.0,3.1656205250000085,,0.0025411679999933767,True,,,,,,,31.569620253164558,,dnn_npmle_relu_theory_ref1000_ds3_ws64_stochq,0.00885192300000881,0.0037057119999985844,results/models/tmp/c9c8bc6023e4f545533d110f2cf8b599_rep2.pt,0.0023517089999813834,True,0.005881223000017144,.pt,316,relu,3,0.6664465340000447,1.7387234069998954,2,5.61496053999997,best_repeat,near_zero,866004338,c9c8bc6023e4f545533d110f2cf8b599,0.04162890600002811,0.19225848984294652,euclidean1d,euclidean,0.8,9976,,,,0
,,,,,,,,,,,,,,,,,,results/models/best/61153e5a1194d609597e8bcbecaef5e2/best_model.pt,2,2.0,,,uniform,0.0,theory,0.8,theory_ref1000_ds3_ws64_stochq,3,"[64, 64, 64]",128,stochastic,64,0.0001,1,30.0,6.019112699999994,,0.7160177620000354,False,,,,,,,31.227,,dnn_npmle_softplus_theory_ref1000_ds3_ws64_stochq,0.0032030250000048,0.004100105000020449,results/models/tmp/61153e5a1194d609597e8bcbecaef5e2_rep0.pt,0.0024569240000005266,False,0.0039828179999972235,.pt,1000,softplus,3,0.0,1.7666940979999595,0,8.632569773,best_repeat,near_zero,741817590,61153e5a1194d609597e8bcbecaef5e2,0.13074521300001152,0.16018434630538492,euclidean1d,euclidean,0.8,31227,,,,0
,,,,,,,,,,,,,,,,,,results/models/best/61153e5a1194d609597e8bcbecaef5e2/best_model.pt,2,2.0,,,uniform,0.0,theory,0.8,theory_ref1000_ds3_ws64_stochq,3,"[64, 64, 64]",128,stochastic,64,0.0001,1,30.0,5.678797318999955,,0.7002338620000046,False,,,,,,,31.088,,dnn_npmle_softplus_theory_ref1000_ds3_ws64_stochq,0.0073818160000200805,0.004191455000011501,results/models/tmp/61153e5a1194d609597e8bcbecaef5e2_rep1.pt,0.0024951249999958236,False,0.005137586999978794,.pt,1000,softplus,3,0.0,1.8103605630000175,1,8.322506965000002,best_repeat,near_zero,741817591,61153e5a1194d609597e8bcbecaef5e2,0.13311522100002549,0.18795084126798284,euclidean1d,euclidean,0.8,31088,,,,0
,,,,,,,,,,,,,,results/plots/intensity/near_zero/euclidean1d/zdim_0/n_1000/dnn_npmle_softplus_theory_ref1000_ds3_ws64_stochq,"[""results/plots/intensity/near_zero/euclidean1d/zdim_0/n_1000/dnn_npmle_softplus_theory_ref1000_ds3_ws64_stochq/intensity_1d.png""]",results/plots/intensity/near_zero/euclidean1d/zdim_0/n_1000/dnn_npmle_softplus_theory_ref1000_ds3_ws64_stochq/best_repeat_plot_metadata.json,2,results/models/best/61153e5a1194d609597e8bcbecaef5e2/best_model.pt,2,2.0,,,uniform,0.0,theory,0.8,theory_ref1000_ds3_ws64_stochq,3,"[64, 64, 64]",128,stochastic,64,0.0001,1,30.0,5.618401788000028,,0.6898995610000043,True,,,,,,,31.149,,dnn_npmle_softplus_theory_ref1000_ds3_ws64_stochq,0.012454988999991201,0.004995553000014752,results/models/tmp/61153e5a1194d609597e8bcbecaef5e2_rep2.pt,0.002391912999996748,True,0.00609160599998404,.pt,1000,softplus,3,0.5523101950000182,1.7579658189999918,2,8.776961839000023,best_repeat,near_zero,741817592,61153e5a1194d609597e8bcbecaef5e2,0.15838447599998062,0.12958331483101249,euclidean1d,euclidean,0.8,31149,,,,0
,,,,,,,,,,,,,,,,,,results/models/best/f8e19f2913fc1c9ee6f2588d3ab414d7/best_model.pt,2,2.0,,,uniform,0.0,theory,0.8,theory_ref1000_ds3_ws64_stochq,3,"[64, 64, 64]",128,stochastic,64,0.0001,1,30.0,5.758226116999992,,0.0033494259999997666,False,,,,,,,31.227,,dnn_npmle_relu_theory_ref1000_ds3_ws64_stochq,0.0032780200000388504,0.006565335000004779,results/models/tmp/f8e19f2913fc1c9ee6f2588d3ab414d7_rep0.pt,0.0036881739999898855,False,0.0035222110000177054,.pt,1000,relu,3,0.0,1.77192605099998,0,7.670265020999977,best_repeat,near_zero,741817590,f8e19f2913fc1c9ee6f2588d3ab414d7,0.13676342700000532,0.18909303132844174,euclidean1d,euclidean,0.8,31227,,,,0
,,,,,,,,,,,,,,,,,,results/models/best/f8e19f2913fc1c9ee6f2588d3ab414d7/best_model.pt,2,2.0,,,uniform,0.0,theory,0.8,theory_ref1000_ds3_ws64_stochq,3,"[64, 64, 64]",128,stochastic,64,0.0001,1,30.0,5.084031961999983,,0.0023821430000339205,False,,,,,,,31.088,,dnn_npmle_relu_theory_ref1000_ds3_ws64_stochq,0.007795520000001943,0.004474689000005583,results/models/tmp/f8e19f2913fc1c9ee6f2588d3ab414d7_rep1.pt,0.0023682470000494504,False,0.004718201999992289,.pt,1000,relu,3,0.0,1.7451529549999805,1,6.96543514199999,best_repeat,near_zero,741817591,f8e19f2913fc1c9ee6f2588d3ab414d7,0.13386808199999223,0.21001614641756255,euclidean1d,euclidean,0.8,31088,,,,0
,,,,,,,,,,,,,,results/plots/intensity/near_zero/euclidean1d/zdim_0/n_1000/dnn_npmle_relu_theory_ref1000_ds3_ws64_stochq,"[""results/plots/intensity/near_zero/euclidean1d/zdim_0/n_1000/dnn_npmle_relu_theory_ref1000_ds3_ws64_stochq/intensity_1d.png""]",results/plots/intensity/near_zero/euclidean1d/zdim_0/n_1000/dnn_npmle_relu_theory_ref1000_ds3_ws64_stochq/best_repeat_plot_metadata.json,2,results/models/best/f8e19f2913fc1c9ee6f2588d3ab414d7/best_model.pt,2,2.0,,,uniform,0.0,theory,0.8,theory_ref1000_ds3_ws64_stochq,3,"[64, 64, 64]",128,stochastic,64,0.0001,1,30.0,5.439281096999991,,0.002552981999997428,True,,,,,,,31.149,,dnn_npmle_relu_theory_ref1000_ds3_ws64_stochq,0.012284820999980184,0.004911336000020583,results/models/tmp/f8e19f2913fc1c9ee6f2588d3ab414d7_rep2.pt,0.0038121159999491283,True,0.006201504999978624,.pt,1000,relu,3,0.6710800680000375,1.761823207999953,2,8.012704410999959,best_repeat,near_zero,741817592,f8e19f2913fc1c9ee6f2588d3ab414d7,0.1379670559999795,0.1664251792566358,euclidean1d,euclidean,0.8,31149,,,,0
,,,,,,,,,,,,,,,,,,results/models/best/98963fa4e063cdb5acfa467f8a8e2d3d/best_model.pt,2,2.0,,,uniform,0.0,theory,0.8,theory_ref1000_ds3_ws64_stochq,4,"[72, 72, 72, 72]",128,stochastic,72,0.0001,1,30.0,11.37543220599997,,0.6790934480000033,False,,,,,,,31.025932953826693,,dnn_npmle_softplus_theory_ref1000_ds3_ws64_stochq,0.003910728999983348,0.005388310000000729,results/models/tmp/98963fa4e063cdb5acfa467f8a8e2d3d_rep0.pt,0.0026011840000137454,False,0.003509601000018847,.pt,3162,softplus,3,0.0,1.7341753430000608,0,14.203886595000029,best_repeat,near_zero,231877846,98963fa4e063cdb5acfa467f8a8e2d3d,0.41518559799999366,0.046096537242124064,euclidean1d,euclidean,0.8,98104,,,,0
,,,,,,,,,,,,,,,,,,results/models/best/98963fa4e063cdb5acfa467f8a8e2d3d/best_model.pt,2,2.0,,,uniform,0.0,theory,0.8,theory_ref1000_ds3_ws64_stochq,4,"[72, 72, 72, 72]",128,stochastic,72,0.0001,1,30.0,10.909133785000051,,0.73783398300003,False,,,,,,,31.13124604680582,,dnn_npmle_softplus_theory_ref1000_ds3_ws64_stochq,0.009946610999975292,0.005579089999969256,results/models/tmp/98963fa4e063cdb5acfa467f8a8e2d3d_rep1.pt,0.0030628199999682693,False,0.005033395999987533,.pt,3162,softplus,3,0.0,1.719274539999958,1,13.791738995999992,best_repeat,near_zero,231877847,98963fa4e063cdb5acfa467f8a8e2d3d,0.4254966879999529,0.021183536346469224,euclidean1d,euclidean,0.8,98437,,,,0
,,,,,,,,,,,,,,results/plots/intensity/near_zero/euclidean1d/zdim_0/n_3162/dnn_npmle_softplus_theory_ref1000_ds3_ws64_stochq,"[""results/plots/intensity/near_zero/euclidean1d/zdim_0/n_3162/dnn_npmle_softplus_theory_ref1000_ds3_ws64_stochq/intensity_1d.png""]",results/plots/intensity/near_zero/euclidean1d/zdim_0/n_3162/dnn_npmle_softplus_theory_ref1000_ds3_ws64_stochq/best_repeat_plot_metadata.json,2,results/models/best/98963fa4e063cdb5acfa467f8a8e2d3d/best_model.pt,2,2.0,,,uniform,0.0,theory,0.8,theory_ref1000_ds3_ws64_stochq,4,"[72, 72, 72, 72]",128,stochastic,72,0.0001,1,30.0,10.791397129000018,,0.6977491079999822,True,,,,,,,31.09361163820367,,dnn_npmle_softplus_theory_ref1000_ds3_ws64_stochq,0.014599030999988827,0.00586054000001468,results/models/tmp/98963fa4e063cdb5acfa467f8a8e2d3d_rep2.pt,0.002851360000022396,True,0.005868864000035501,.pt,3162,softplus,3,0.5623263090000137,1.7535353160000113,2,14.210700420000023,best_repeat,near_zero,231877848,98963fa4e063cdb5acfa467f8a8e2d3d,0.40569255799999837,0.01946033799713095,euclidean1d,euclidean,0.8,98318,,,,0
,,,,,,,,,,,,,,,,,,results/models/best/8b8c728a4c60687a80d633c9bff39f06/best_model.pt,2,2.0,,,uniform,0.0,theory,0.8,theory_ref1000_ds3_ws64_stochq,4,"[72, 72, 72, 72]",128,stochastic,72,0.0001,1,30.0,18.775153466000006,,0.00237288300002092,False,,,,,,,31.025932953826693,,dnn_npmle_relu_theory_ref1000_ds3_ws64_stochq,0.00418985999999677,0.00480406399998401,results/models/tmp/8b8c728a4c60687a80d633c9bff39f06_rep0.pt,0.0024924710000391315,False,0.0034561499999767875,.pt,3162,relu,3,0.0,1.7353151109999772,0,20.951130164000006,best_repeat,near_zero,231877846,8b8c728a4c60687a80d633c9bff39f06,0.4382887040000014,0.01682237187484971,euclidean1d,euclidean,0.8,98104,,,,0
,,,,,,,,,,,,,,,,,,results/models/best/8b8c728a4c60687a80d633c9bff39f06/best_model.pt,2,2.0,,,uniform,0.0,theory,0.8,theory_ref1000_ds3_ws64_stochq,4,"[72, 72, 72, 72]",128,stochastic,72,0.0001,1,30.0,10.83402455099997,,0.0025540949999935947,False,,,,,,,31.13124604680582,,dnn_npmle_relu_theory_ref1000_ds3_ws64_stochq,0.009292690999984643,0.005669742999998562,results/models/tmp/8b8c728a4c60687a80d633c9bff39f06_rep1.pt,0.002583540999978595,False,0.004663750000020173,.pt,3162,relu,3,0.0,1.8195642560000351,1,13.058268687999998,best_repeat,near_zero,231877847,8b8c728a4c60687a80d633c9bff39f06,0.40212578599999915,0.04770720206429324,euclidean1d,euclidean,0.8,98437,,,,0
,,,,,,,,,,,,,,results/plots/intensity/near_zero/euclidean1d/zdim_0/n_3162/dnn_npmle_relu_theory_ref1000_ds3_ws64_stochq,"[""results/plots/intensity/near_zero/euclidean1d/zdim_0/n_3162/dnn_npmle_relu_theory_ref1000_ds3_ws64_stochq/intensity_1d.png""]",results/plots/intensity/near_zero/euclidean1d/zdim_0/n_3162/dnn_npmle_relu_theory_ref1000_ds3_ws64_stochq/best_repeat_plot_metadata.json,2,results/models/best/8b8c728a4c60687a80d633c9bff39f06/best_model.pt,2,2.0,,,uniform,0.0,theory,0.8,theory_ref1000_ds3_ws64_stochq,4,"[72, 72, 72, 72]",128,stochastic,72,0.0001,1,30.0,17.046539101999997,,0.002594567999949504,True,,,,,,,31.09361163820367,,dnn_npmle_relu_theory_ref1000_ds3_ws64_stochq,0.014122154000006049,0.005540168999971229,results/models/tmp/8b8c728a4c60687a80d633c9bff39f06_rep2.pt,0.0024596110000061344,True,0.0057972430000177155,.pt,3162,relu,3,0.6812808540000219,1.7768911530000082,2,20.009538885999973,best_repeat,near_zero,231877848,8b8c728a4c60687a80d633c9bff39f06,0.5022332089999964,0.009715312180999816,euclidean1d,euclidean,0.8,98318,,,,0
,,,,,,,,,,,,,,,,,,results/models/best/51e808161dec3ac24d52470c7ec4756f/best_model.pt,1,2.0,,,uniform,0.0,theory,0.8,theory_ref1000_ds3_ws64_stochq,4,"[88, 88, 88, 88]",128,stochastic,88,0.0001,1,30.0,26.224949158000015,,0.6905464469999743,False,,,,,,,31.1721,,dnn_npmle_softplus_theory_ref1000_ds3_ws64_stochq,0.006297465999978158,0.007085313000004589,results/models/tmp/51e808161dec3ac24d52470c7ec4756f_rep0.pt,0.0030323889999976927,False,0.004428152999992108,.pt,10000,softplus,3,0.0,1.8296134090000464,0,30.048854629000004,best_repeat,near_zero,1907023388,51e808161dec3ac24d52470c7ec4756f,1.3037456149999684,0.011571835783143823,euclidean1d,euclidean,0.8,311721,,,,0
,,,,,,,,,,,,,,,,,,results/models/best/51e808161dec3ac24d52470c7ec4756f/best_model.pt,1,2.0,,,uniform,0.0,theory,0.8,theory_ref1000_ds3_ws64_stochq,4,"[88, 88, 88, 88]",128,stochastic,88,0.0001,1,30.0,25.68456774999993,,0.6941643820000536,False,,,,,,,31.1241,,dnn_npmle_softplus_theory_ref1000_ds3_ws64_stochq,0.010546415999897363,0.006056198999999651,results/models/tmp/51e808161dec3ac24d52470c7ec4756f_rep1.pt,0.002493192999963867,True,0.004923105999978361,.pt,10000,softplus,3,0.0,1.7143303340000102,1,29.398539078,best_repeat,near_zero,1907023389,51e808161dec3ac24d52470c7ec4756f,1.3054766120000068,0.0017385202546375774,euclidean1d,euclidean,0.8,311241,,,,0
,,,,,,,,,,,,,,results/plots/intensity/near_zero/euclidean1d/zdim_0/n_10000/dnn_npmle_softplus_theory_ref1000_ds3_ws64_stochq,"[""results/plots/intensity/near_zero/euclidean1d/zdim_0/n_10000/dnn_npmle_softplus_theory_ref1000_ds3_ws64_stochq/intensity_1d.png""]",results/plots/intensity/near_zero/euclidean1d/zdim_0/n_10000/dnn_npmle_softplus_theory_ref1000_ds3_ws64_stochq/best_repeat_plot_metadata.json,1,results/models/best/51e808161dec3ac24d52470c7ec4756f/best_model.pt,1,2.0,,,uniform,0.0,theory,0.8,theory_ref1000_ds3_ws64_stochq,4,"[88, 88, 88, 88]",128,stochastic,88,0.0001,1,30.0,20.339157958999976,,0.7090833900000462,True,,,,,,,31.1865,,dnn_npmle_softplus_theory_ref1000_ds3_ws64_stochq,0.01837956800000029,0.007542097000055037,results/models/tmp/51e808161dec3ac24d52470c7ec4756f_rep2.pt,0.004295350999996117,False,0.006569288000036977,.pt,10000,softplus,3,0.6038202619999993,1.7315432369999826,2,24.687260515999924,best_repeat,near_zero,1907023390,51e808161dec3ac24d52470c7ec4756f,1.3036556679999194,0.004515099826061718,euclidean1d,euclidean,0.8,311865,,,,0
,,,,,,,,,,,,,,,,,,results/models/best/745c585a4fbb14c0a71d1fac2b1e19d4/best_model.pt,1,2.0,,,uniform,0.0,theory,0.8,theory_ref1000_ds3_ws64_stochq,4,"[88, 88, 88, 88]",128,stochastic,88,0.0001,1,30.0,22.12460811599999,,0.0025197900000080153,False,,,,,,,31.1721,,dnn_npmle_relu_theory_ref1000_ds3_ws64_stochq,0.0053240830000049755,0.0062238909999905445,results/models/tmp/745c585a4fbb14c0a71d1fac2b1e19d4_rep0.pt,0.002623532000029627,False,0.00380095700000993,.pt,10000,relu,3,0.0,1.7171610170000235,0,25.13948321700002,best_repeat,near_zero,1907023388,745c585a4fbb14c0a71d1fac2b1e19d4,1.295194293999998,0.02241472968736813,euclidean1d,euclidean,0.8,311721,,,,0
,,,,,,,,,,,,,,,,,,results/models/best/745c585a4fbb14c0a71d1fac2b1e19d4/best_model.pt,1,2.0,,,uniform,0.0,theory,0.8,theory_ref1000_ds3_ws64_stochq,4,"[88, 88, 88, 88]",128,stochastic,88,0.0001,1,30.0,25.401981933000002,,0.0023949879999918267,False,,,,,,,31.1241,,dnn_npmle_relu_theory_ref1000_ds3_ws64_stochq,0.01070770100000118,0.006349289000013414,results/models/tmp/745c585a4fbb14c0a71d1fac2b1e19d4_rep1.pt,0.0024755320000622305,True,0.004768140999999559,.pt,10000,relu,3,0.0,1.7419024279998894,1,28.444346808999967,best_repeat,near_zero,1907023389,745c585a4fbb14c0a71d1fac2b1e19d4,1.2980674600000839,0.007257527697467227,euclidean1d,euclidean,0.8,311241,,,,0
,,,,,,,,,,,,,,results/plots/intensity/near_zero/euclidean1d/zdim_0/n_10000/dnn_npmle_relu_theory_ref1000_ds3_ws64_stochq,"[""results/plots/intensity/near_zero/euclidean1d/zdim_0/n_10000/dnn_npmle_relu_theory_ref1000_ds3_ws64_stochq/intensity_1d.png""]",results/plots/intensity/near_zero/euclidean1d/zdim_0/n_10000/dnn_npmle_relu_theory_ref1000_ds3_ws64_stochq/best_repeat_plot_metadata.json,1,results/models/best/745c585a4fbb14c0a71d1fac2b1e19d4/best_model.pt,1,2.0,,,uniform,0.0,theory,0.8,theory_ref1000_ds3_ws64_stochq,4,"[88, 88, 88, 88]",128,stochastic,88,0.0001,1,30.0,22.987027635999993,,0.0026710000000775835,True,,,,,,,31.1865,,dnn_npmle_relu_theory_ref1000_ds3_ws64_stochq,0.01783234499998798,0.00699553900005867,results/models/tmp/745c585a4fbb14c0a71d1fac2b1e19d4_rep2.pt,0.002589430000057291,False,0.00619161300005544,.pt,10000,relu,3,0.6702192909999667,1.7561742519998234,2,26.79783010199992,best_repeat,near_zero,1907023390,745c585a4fbb14c0a71d1fac2b1e19d4,1.3817379230000597,0.007520312050650447,euclidean1d,euclidean,0.8,311865,,,,0
,,,,,,,,,,,,,,,,,,results/models/best/9ac4f5c67c519be514b7b99c6e6a6081/best_model.pt,0,2.0,,,uniform,0.0,theory,0.6666666666666666,theory_ref1000_ds3_ws64_stochq,2,"[48, 48]",128,stochastic,48,0.0001,1,30.0,3.5856531499999846,,0.735106825999992,False,,,,,,,30.68,,dnn_npmle_softplus_theory_ref1000_ds3_ws64_stochq,0.006124631000034242,0.0071364730000595955,results/models/tmp/9ac4f5c67c519be514b7b99c6e6a6081_rep0.pt,0.0027516789999708635,True,0.003978455999913422,.pt,100,softplus,3,0.0,1.8376828269999805,0,6.175770437999972,best_repeat,near_zero,1413358743,9ac4f5c67c519be514b7b99c6e6a6081,0.017327635000015107,0.2942616951401687,euclidean1d,euclidean,0.6666666666666666,3068,,,,1
,,,,,,,,,,,,,,,,,,results/models/best/9ac4f5c67c519be514b7b99c6e6a6081/best_model.pt,0,2.0,,,uniform,0.0,theory,0.6666666666666666,theory_ref1000_ds3_ws64_stochq,2,"[48, 48]",128,stochastic,48,0.0001,1,30.0,3.614917116000015,,0.7143466119999857,False,,,,,,,30.57,,dnn_npmle_softplus_theory_ref1000_ds3_ws64_stochq,0.012789682000061475,0.006917733000022963,results/models/tmp/9ac4f5c67c519be514b7b99c6e6a6081_rep1.pt,0.0021640029999616672,False,0.005493344000001343,.pt,100,softplus,3,0.0,1.7255241840000508,1,6.073292262999985,best_repeat,near_zero,1413358744,9ac4f5c67c519be514b7b99c6e6a6081,0.018504350999933195,0.4338594259595116,euclidean1d,euclidean,0.6666666666666666,3057,,,,1
,,,,,,,,,,,,,,results/plots/intensity/near_zero/euclidean1d/zdim_1/n_100/dnn_npmle_softplus_theory_ref1000_ds3_ws64_stochq,"[""results/plots/intensity/near_zero/euclidean1d/zdim_1/n_100/dnn_npmle_softplus_theory_ref1000_ds3_ws64_stochq/intensity_1d.png""]",results/plots/intensity/near_zero/euclidean1d/zdim_1/n_100/dnn_npmle_softplus_theory_ref1000_ds3_ws64_stochq/best_repeat_plot_metadata.json,0,results/models/best/9ac4f5c67c519be514b7b99c6e6a6081/best_model.pt,0,2.0,,,uniform,0.0,theory,0.6666666666666666,theory_ref1000_ds3_ws64_stochq,2,"[48, 48]",128,stochastic,48,0.0001,1,30.0,3.682623383999953,,0.7322209569999814,True,,,,,,,30.23,,dnn_npmle_softplus_theory_ref1000_ds3_ws64_stochq,0.019783308000000943,0.007676500999991731,results/models/tmp/9ac4f5c67c519be514b7b99c6e6a6081_rep2.pt,0.002490068000042811,False,0.005940115000043988,.pt,100,softplus,3,0.5538136069999382,1.768681709000134,2,6.756622072000027,best_repeat,near_zero,1413358745,9ac4f5c67c519be514b7b99c6e6a6081,0.019282415000020592,0.41996255399117755,euclidean1d,euclidean,0.6666666666666666,3023,,,,1
,,,,,,,,,,,,,,,,,,results/models/best/ca5bec233e5903e29c88b49aca46bd82/best_model.pt,1,2.0,,,uniform,0.0,theory,0.6666666666666666,theory_ref1000_ds3_ws64_stochq,2,"[48, 48]",128,stochastic,48,0.0001,1,30.0,3.416500056000018,,0.03931242299995574,False,,,,,,,30.68,,dnn_npmle_relu_theory_ref1000_ds3_ws64_stochq,0.00625928500005557,0.007102245999931256,results/models/tmp/ca5bec233e5903e29c88b49aca46bd82_rep0.pt,0.0023940099999890663,False,0.004488283999990017,.pt,100,relu,3,0.0,1.801717333000056,0,5.276555930000086,best_repeat,near_zero,1413358743,ca5bec233e5903e29c88b49aca46bd82,0.019026118000056158,0.6723481742252744,euclidean1d,euclidean,0.6666666666666666,3068,,,,1
,,,,,,,,,,,,,,,,,,results/models/best/ca5bec233e5903e29c88b49aca46bd82/best_model.pt,1,2.0,,,uniform,0.0,theory,0.6666666666666666,theory_ref1000_ds3_ws64_stochq,2,"[48, 48]",128,stochastic,48,0.0001,1,30.0,3.5880957139999055,,0.04124243100000058,False,,,,,,,30.57,,dnn_npmle_relu_theory_ref1000_ds3_ws64_stochq,0.014074116000074355,0.007722900999965532,results/models/tmp/ca5bec233e5903e29c88b49aca46bd82_rep1.pt,0.0024791839999807053,True,0.005644920000008824,.pt,100,relu,3,0.0,1.7670386980001922,1,5.416892293000046,best_repeat,near_zero,1413358744,ca5bec233e5903e29c88b49aca46bd82,0.020515449999948032,0.4364543578957567,euclidean1d,euclidean,0.6666666666666666,3057,,,,1
,,,,,,,,,,,,,,results/plots/intensity/near_zero/euclidean1d/zdim_1/n_100/dnn_npmle_relu_theory_ref1000_ds3_ws64_stochq,"[""results/plots/intensity/near_zero/euclidean1d/zdim_1/n_100/dnn_npmle_relu_theory_ref1000_ds3_ws64_stochq/intensity_1d.png""]",results/plots/intensity/near_zero/euclidean1d/zdim_1/n_100/dnn_npmle_relu_theory_ref1000_ds3_ws64_stochq/best_repeat_plot_metadata.json,1,results/models/best/ca5bec233e5903e29c88b49aca46bd82/best_model.pt,1,2.0,,,uniform,0.0,theory,0.6666666666666666,theory_ref1000_ds3_ws64_stochq,2,"[48, 48]",128,stochastic,48,0.0001,1,30.0,3.572682269000097,,0.03886499200007165,True,,,,,,,30.23,,dnn_npmle_relu_theory_ref1000_ds3_ws64_stochq,0.02159606799989433,0.007552875000101267,results/models/tmp/ca5bec233e5903e29c88b49aca46bd82_rep2.pt,0.002391815000009956,False,0.006351275000042733,.pt,100,relu,3,0.7039982469999586,1.7452407469999116,2,6.078840538999998,best_repeat,near_zero,1413358745,ca5bec233e5903e29c88b49aca46bd82,0.018054283999958898,0.441237833873509,euclidean1d,euclidean,0.6666666666666666,3023,,,,1
,,,,,,,,,,,,,,,,,,results/models/best/20758606fbc975d09df855192d08c4c1/best_model.pt,0,2.0,,,uniform,0.0,theory,0.6666666666666666,theory_ref1000_ds3_ws64_stochq,3,"[56, 56, 56]",128,stochastic,56,0.0001,1,30.0,3.0650914410000496,,0.7223222090000263,False,,,,,,,29.946202531645568,,dnn_npmle_softplus_theory_ref1000_ds3_ws64_stochq,0.006902299999978823,0.00860220799995659,results/models/tmp/20758606fbc975d09df855192d08c4c1_rep0.pt,0.0024054219999243287,True,0.004251616000033209,.pt,316,softplus,3,0.0,1.7666243709999208,0,5.601243704000012,best_repeat,near_zero,2333304427,20758606fbc975d09df855192d08c4c1,0.0472056830000156,0.18340155626253507,euclidean1d,euclidean,0.6666666666666666,9463,,,,1
,,,,,,,,,,,,,,,,,,results/models/best/20758606fbc975d09df855192d08c4c1/best_model.pt,0,2.0,,,uniform,0.0,theory,0.6666666666666666,theory_ref1000_ds3_ws64_stochq,3,"[56, 56, 56]",128,stochastic,56,0.0001,1,30.0,3.2140457450000213,,0.7061204029999999,False,,,,,,,30.610759493670887,,dnn_npmle_softplus_theory_ref1000_ds3_ws64_stochq,0.014816191000022627,0.008678314000007958,results/models/tmp/20758606fbc975d09df855192d08c4c1_rep1.pt,0.00245817999996234,False,0.005725897000047553,.pt,316,softplus,3,0.0,1.7470483769999419,1,5.71448941899996,best_repeat,near_zero,2333304428,20758606fbc975d09df855192d08c4c1,0.0472748939999974,0.355482528410735,euclidean1d,euclidean,0.6666666666666666,9673,,,,1
,,,,,,,,,,,,,,results/plots/intensity/near_zero/euclidean1d/zdim_1/n_316/dnn_npmle_softplus_theory_ref1000_ds3_ws64_stochq,"[""results/plots/intensity/near_zero/euclidean1d/zdim_1/n_316/dnn_npmle_softplus_theory_ref1000_ds3_ws64_stochq/intensity_1d.png""]",results/plots/intensity/near_zero/euclidean1d/zdim_1/n_316/dnn_npmle_softplus_theory_ref1000_ds3_ws64_stochq/best_repeat_plot_metadata.json,0,results/models/best/20758606fbc975d09df855192d08c4c1/best_model.pt,0,2.0,,,uniform,0.0,theory,0.6666666666666666,theory_ref1000_ds3_ws64_stochq,3,"[56, 56, 56]",128,stochastic,56,0.0001,1,30.0,3.0360174030000735,,0.7291696699999193,True,,,,,,,29.63607594936709,,dnn_npmle_softplus_theory_ref1000_ds3_ws64_stochq,0.026551602999916213,0.008711444000027768,results/models/tmp/20758606fbc975d09df855192d08c4c1_rep2.pt,0.002421439999920949,False,0.006959235999943303,.pt,316,softplus,3,0.599543486000016,1.7488351750000675,2,6.159933006000074,best_repeat,near_zero,2333304429,20758606fbc975d09df855192d08c4c1,0.04636727199999768,0.19839737917109457,euclidean1d,euclidean,0.6666666666666666,9365,,,,1
,,,,,,,,,,,,,,,,,,results/models/best/98a44903dce05ce9cf7bb40559741b73/best_model.pt,0,2.0,,,uniform,0.0,theory,0.6666666666666666,theory_ref1000_ds3_ws64_stochq,3,"[56, 56, 56]",128,stochastic,56,0.0001,1,30.0,3.7021799539999165,,0.043544555999915247,False,,,,,,,29.946202531645568,,dnn_npmle_relu_theory_ref1000_ds3_ws64_stochq,0.007637971000008292,0.008577726999988045,results/models/tmp/98a44903dce05ce9cf7bb40559741b73_rep0.pt,0.002696985000056884,True,0.004078606999996737,.pt,316,relu,3,0.0,1.7581739840002228,0,5.546508663000054,best_repeat,near_zero,2333304427,98a44903dce05ce9cf7bb40559741b73,0.04261016899999959,0.13149688901819945,euclidean1d,euclidean,0.6666666666666666,9463,,,,1
,,,,,,,,,,,,,,,,,,results/models/best/98a44903dce05ce9cf7bb40559741b73/best_model.pt,0,2.0,,,uniform,0.0,theory,0.6666666666666666,theory_ref1000_ds3_ws64_stochq,3,"[56, 56, 56]",128,stochastic,56,0.0001,1,30.0,3.5609180320000178,,0.04210604399997919,False,,,,,,,30.610759493670887,,dnn_npmle_relu_theory_ref1000_ds3_ws64_stochq,0.014942914000016572,0.009017544000016642,results/models/tmp/98a44903dce05ce9cf7bb40559741b73_rep1.pt,0.002523544999917249,False,0.005257448999941516,.pt,316,relu,3,0.0,1.7344336729998986,1,5.379149283999936,best_repeat,near_zero,2333304428,98a44903dce05ce9cf7bb40559741b73,0.04169153500004086,0.2093620616528416,euclidean1d,euclidean,0.6666666666666666,9673,,,,1
,,,,,,,,,,,,,,results/plots/intensity/near_zero/euclidean1d/zdim_1/n_316/dnn_npmle_relu_theory_ref1000_ds3_ws64_stochq,"[""results/plots/intensity/near_zero/euclidean1d/zdim_1/n_316/dnn_npmle_relu_theory_ref1000_ds3_ws64_stochq/intensity_1d.png""]",results/plots/intensity/near_zero/euclidean1d/zdim_1/n_316/dnn_npmle_relu_theory_ref1000_ds3_ws64_stochq/best_repeat_plot_metadata.json,0,results/models/best/98a44903dce05ce9cf7bb40559741b73/best_model.pt,0,2.0,,,uniform,0.0,theory,0.6666666666666666,theory_ref1000_ds3_ws64_stochq,3,"[56, 56, 56]",128,stochastic,56,0.0001,1,30.0,3.043152006000014,,0.044624839999983124,True,,,,,,,29.63607594936709,,dnn_npmle_relu_theory_ref1000_ds3_ws64_stochq,0.023812469999938912,0.009288824999998724,results/models/tmp/98a44903dce05ce9cf7bb40559741b73_rep2.pt,0.002568418999999267,False,0.006282306999992215,.pt,316,relu,3,0.6601169780000191,1.7891663410000547,2,5.581328112000051,best_repeat,near_zero,2333304429,98a44903dce05ce9cf7bb40559741b73,0.04426794699998027,0.23421406223386199,euclidean1d,euclidean,0.6666666666666666,9365,,,,1
,,,,,,,,,,,,,,,,,,results/models/best/6ccc10fe0a0062ea1e396d779845aab9/best_model.pt,2,2.0,,,uniform,0.0,theory,0.6666666666666666,theory_ref1000_ds3_ws64_stochq,3,"[64, 64, 64]",128,stochastic,64,0.0001,1,30.0,4.1623304180000105,,0.7280323620000217,False,,,,,,,30.385,,dnn_npmle_softplus_theory_ref1000_ds3_ws64_stochq,0.008234936999997444,0.009237159999997857,results/models/tmp/6ccc10fe0a0062ea1e396d779845aab9_rep0.pt,0.002234704999978021,False,0.004353387999913139,.pt,1000,softplus,3,0.0,1.7489757809998991,0,6.766477229999964,best_repeat,near_zero,3979568531,6ccc10fe0a0062ea1e396d779845aab9,0.12713866900003268,0.13275443200251635,euclidean1d,euclidean,0.6666666666666666,30385,,,,1
,,,,,,,,,,,,,,,,,,results/models/best/6ccc10fe0a0062ea1e396d779845aab9/best_model.pt,2,2.0,,,uniform,0.0,theory,0.6666666666666666,theory_ref1000_ds3_ws64_stochq,3,"[64, 64, 64]",128,stochastic,64,0.0001,1,30.0,4.244598285999928,,0.7389571340000884,False,,,,,,,30.44,,dnn_npmle_softplus_theory_ref1000_ds3_ws64_stochq,0.01760451000006924,0.009617261000016697,results/models/tmp/6ccc10fe0a0062ea1e396d779845aab9_rep1.pt,0.0026100899999619287,False,0.005471575999990819,.pt,1000,softplus,3,0.0,1.7730591400001003,1,6.886151082000083,best_repeat,near_zero,3979568532,6ccc10fe0a0062ea1e396d779845aab9,0.12953652199996668,0.09792701055831231,euclidean1d,euclidean,0.6666666666666666,30440,,,,1
,,,,,,,,,,,,,,results/plots/intensity/near_zero/euclidean1d/zdim_1/n_1000/dnn_npmle_softplus_theory_ref1000_ds3_ws64_stochq,"[""results/plots/intensity/near_zero/euclidean1d/zdim_1/n_1000/dnn_npmle_softplus_theory_ref1000_ds3_ws64_stochq/intensity_1d.png""]",results/plots/intensity/near_zero/euclidean1d/zdim_1/n_1000/dnn_npmle_softplus_theory_ref1000_ds3_ws64_stochq/best_repeat_plot_metadata.json,2,results/models/best/6ccc10fe0a0062ea1e396d779845aab9/best_model.pt,2,2.0,,,uniform,0.0,theory,0.6666666666666666,theory_ref1000_ds3_ws64_stochq,3,"[64, 64, 64]",128,stochastic,64,0.0001,1,30.0,3.932193118999976,,0.7305154859999448,True,,,,,,,30.585,,dnn_npmle_softplus_theory_ref1000_ds3_ws64_stochq,0.025462566999976843,0.010309865000067475,results/models/tmp/6ccc10fe0a0062ea1e396d779845aab9_rep2.pt,0.0025928109999995286,True,0.006535196999948312,.pt,1000,softplus,3,0.5439165689999754,1.7815511610001522,2,7.113526877000027,best_repeat,near_zero,3979568533,6ccc10fe0a0062ea1e396d779845aab9,0.1253505419999783,0.0658326564591962,euclidean1d,euclidean,0.6666666666666666,30585,,,,1
,,,,,,,,,,,,,,,,,,results/models/best/6503c6d0939bf1ee575374a307889609/best_model.pt,2,2.0,,,uniform,0.0,theory,0.6666666666666666,theory_ref1000_ds3_ws64_stochq,3,"[64, 64, 64]",128,stochastic,64,0.0001,1,30.0,4.136833398000022,,0.04408088700006374,False,,,,,,,30.385,,dnn_npmle_relu_theory_ref1000_ds3_ws64_stochq,0.00880141300001469,0.010863573000051474,results/models/tmp/6503c6d0939bf1ee575374a307889609_rep0.pt,0.0023739140000316183,False,0.004714121000006344,.pt,1000,relu,3,0.0,1.7829763299997694,0,6.125643495999952,best_repeat,near_zero,3979568531,6503c6d0939bf1ee575374a307889609,0.16175288100009766,0.16078977466275302,euclidean1d,euclidean,0.6666666666666666,30385,,,,1
,,,,,,,,,,,,,,,,,,results/models/best/6503c6d0939bf1ee575374a307889609/best_model.pt,2,2.0,,,uniform,0.0,theory,0.6666666666666666,theory_ref1000_ds3_ws64_stochq,3,"[64, 64, 64]",128,stochastic,64,0.0001,1,30.0,4.418714488999967,,0.0455254360000481,False,,,,,,,30.44,,dnn_npmle_relu_theory_ref1000_ds3_ws64_stochq,0.01756471600003806,0.009729550999963976,results/models/tmp/6503c6d0939bf1ee575374a307889609_rep1.pt,0.002596148999941761,False,0.00563782300002913,.pt,1000,relu,3,0.0,1.7643570899999759,1,6.355209102000003,best_repeat,near_zero,3979568532,6503c6d0939bf1ee575374a307889609,0.12661208700001225,0.14010932999450118,euclidean1d,euclidean,0.6666666666666666,30440,,,,1
,,,,,,,,,,,,,,results/plots/intensity/near_zero/euclidean1d/zdim_1/n_1000/dnn_npmle_relu_theory_ref1000_ds3_ws64_stochq,"[""results/plots/intensity/near_zero/euclidean1d/zdim_1/n_1000/dnn_npmle_relu_theory_ref1000_ds3_ws64_stochq/intensity_1d.png""]",results/plots/intensity/near_zero/euclidean1d/zdim_1/n_1000/dnn_npmle_relu_theory_ref1000_ds3_ws64_stochq/best_repeat_plot_metadata.json,2,results/models/best/6503c6d0939bf1ee575374a307889609/best_model.pt,2,2.0,,,uniform,0.0,theory,0.6666666666666666,theory_ref1000_ds3_ws64_stochq,3,"[64, 64, 64]",128,stochastic,64,0.0001,1,30.0,4.4101702339999065,,0.04390570599991861,True,,,,,,,30.585,,dnn_npmle_relu_theory_ref1000_ds3_ws64_stochq,0.026598356999897987,0.009601468000028035,results/models/tmp/6503c6d0939bf1ee575374a307889609_rep2.pt,0.0024400050000394913,True,0.006720356999949217,.pt,1000,relu,3,0.6716595760000246,1.8489127600001893,2,7.1116464780000115,best_repeat,near_zero,3979568533,6503c6d0939bf1ee575374a307889609,0.13699820199997248,0.09797019153405385,euclidean1d,euclidean,0.6666666666666666,30585,,,,1
,,,,,,,,,,,,,,,,,,results/models/best/5cc12d077b7a0a127ebc87ec2a46a106/best_model.pt,1,2.0,,,uniform,0.0,theory,0.6666666666666666,theory_ref1000_ds3_ws64_stochq,4,"[80, 80, 80, 80]",128,stochastic,80,0.0001,1,30.0,6.193298024000001,,0.734577417999958,False,,,,,,,30.37571157495256,,dnn_npmle_softplus_theory_ref1000_ds3_ws64_stochq,0.010011308000002828,0.01104921099999956,results/models/tmp/5cc12d077b7a0a127ebc87ec2a46a106_rep0.pt,0.00272299000005205,False,0.004653328000017609,.pt,3162,softplus,3,0.0,1.748572114000126,0,9.09921478199999,best_repeat,near_zero,3469628787,5cc12d077b7a0a127ebc87ec2a46a106,0.42276722599990535,0.0887545360097797,euclidean1d,euclidean,0.6666666666666666,96048,,,,1
,,,,,,,,,,,,,,,,,,results/models/best/5cc12d077b7a0a127ebc87ec2a46a106/best_model.pt,1,2.0,,,uniform,0.0,theory,0.6666666666666666,theory_ref1000_ds3_ws64_stochq,4,"[80, 80, 80, 80]",128,stochastic,80,0.0001,1,30.0,15.777839630000017,,0.7462400109999408,False,,,,,,,30.292220113851993,,dnn_npmle_softplus_theory_ref1000_ds3_ws64_stochq,0.019105919000026006,0.010542085999986739,results/models/tmp/5cc12d077b7a0a127ebc87ec2a46a106_rep1.pt,0.002660654000010254,True,0.005720828999983496,.pt,3162,softplus,3,0.0,1.7451050500000065,1,18.658720758999948,best_repeat,near_zero,3469628788,5cc12d077b7a0a127ebc87ec2a46a106,0.38953606799998397,0.02399229005950679,euclidean1d,euclidean,0.6666666666666666,95784,,,,1
,,,,,,,,,,,,,,results/plots/intensity/near_zero/euclidean1d/zdim_1/n_3162/dnn_npmle_softplus_theory_ref1000_ds3_ws64_stochq,"[""results/plots/intensity/near_zero/euclidean1d/zdim_1/n_3162/dnn_npmle_softplus_theory_ref1000_ds3_ws64_stochq/intensity_1d.png""]",results/plots/intensity/near_zero/euclidean1d/zdim_1/n_3162/dnn_npmle_softplus_theory_ref1000_ds3_ws64_stochq/best_repeat_plot_metadata.json,1,results/models/best/5cc12d077b7a0a127ebc87ec2a46a106/best_model.pt,1,2.0,,,uniform,0.0,theory,0.6666666666666666,theory_ref1000_ds3_ws64_stochq,4,"[80, 80, 80, 80]",128,stochastic,80,0.0001,1,30.0,10.080270378000023,,0.7207543109999506,True,,,,,,,30.271663504111324,,dnn_npmle_softplus_theory_ref1000_ds3_ws64_stochq,0.028874816999973518,0.012217420999945716,results/models/tmp/5cc12d077b7a0a127ebc87ec2a46a106_rep2.pt,0.0029644669999697726,False,0.007089119999932336,.pt,3162,softplus,3,0.5631642170000077,1.7672958450000351,2,13.547423975000015,best_repeat,near_zero,3469628789,5cc12d077b7a0a127ebc87ec2a46a106,0.41593922399999883,0.029263207699498868,euclidean1d,euclidean,0.6666666666666666,95719,,,,1
,,,,,,,,,,,,,,,,,,results/models/best/1988ccf065e70f2562cae605e69fb088/best_model.pt,0,2.0,,,uniform,0.0,theory,0.6666666666666666,theory_ref1000_ds3_ws64_stochq,4,"[80, 80, 80, 80]",128,stochastic,80,0.0001,1,30.0,16.292102612000008,,0.04678055099998346,False,,,,,,,30.37571157495256,,dnn_npmle_relu_theory_ref1000_ds3_ws64_stochq,0.00941168999997899,0.010507697999969423,results/models/tmp/1988ccf065e70f2562cae605e69fb088_rep0.pt,0.002701484999988679,True,0.004618694999976469,.pt,3162,relu,3,0.0,1.7670306180000352,0,18.52486327300005,best_repeat,near_zero,3469628787,1988ccf065e70f2562cae605e69fb088,0.4189494920000243,0.02703942940363132,euclidean1d,euclidean,0.6666666666666666,96048,,,,1
,,,,,,,,,,,,,,,,,,results/models/best/1988ccf065e70f2562cae605e69fb088/best_model.pt,0,2.0,,,uniform,0.0,theory,0.6666666666666666,theory_ref1000_ds3_ws64_stochq,4,"[80, 80, 80, 80]",128,stochastic,80,0.0001,1,30.0,11.668558522000012,,0.050477157000045736,False,,,,,,,30.292220113851993,,dnn_npmle_relu_theory_ref1000_ds3_ws64_stochq,0.01951072600002135,0.011224423999919964,results/models/tmp/1988ccf065e70f2562cae605e69fb088_rep1.pt,0.0027431230000729556,False,0.00650454100002662,.pt,3162,relu,3,0.0,1.7772667410000622,1,13.89556024400008,best_repeat,near_zero,3469628788,1988ccf065e70f2562cae605e69fb088,0.39925782399996024,0.05816015213576128,euclidean1d,euclidean,0.6666666666666666,95784,,,,1
,,,,,,,,,,,,,,results/plots/intensity/near_zero/euclidean1d/zdim_1/n_3162/dnn_npmle_relu_theory_ref1000_ds3_ws64_stochq,"[""results/plots/intensity/near_zero/euclidean1d/zdim_1/n_3162/dnn_npmle_relu_theory_ref1000_ds3_ws64_stochq/intensity_1d.png""]",results/plots/intensity/near_zero/euclidean1d/zdim_1/n_3162/dnn_npmle_relu_theory_ref1000_ds3_ws64_stochq/best_repeat_plot_metadata.json,0,results/models/best/1988ccf065e70f2562cae605e69fb088/best_model.pt,0,2.0,,,uniform,0.0,theory,0.6666666666666666,theory_ref1000_ds3_ws64_stochq,4,"[80, 80, 80, 80]",128,stochastic,80,0.0001,1,30.0,9.903339974999994,,0.04859509599998546,True,,,,,,,30.271663504111324,,dnn_npmle_relu_theory_ref1000_ds3_ws64_stochq,0.02943764500002999,0.010917411000036736,results/models/tmp/1988ccf065e70f2562cae605e69fb088_rep2.pt,0.0024784830000044167,False,0.0069981750000351894,.pt,3162,relu,3,0.6569514430000254,1.7677154760001486,2,12.771018895000111,best_repeat,near_zero,3469628789,1988ccf065e70f2562cae605e69fb088,0.3944169049999573,0.054940629942502366,euclidean1d,euclidean,0.6666666666666666,95719,,,,1
,,,,,,,,,,,,,,,,,,results/models/best/4ffe793dcec6a3bea73aee098b4b344b/best_model.pt,2,2.0,,,uniform,0.0,theory,0.6666666666666666,theory_ref1000_ds3_ws64_stochq,4,"[96, 96, 96, 96]",128,stochastic,96,0.0001,1,30.0,23.81349827400004,,0.7574933150000334,False,,,,,,,30.2987,,dnn_npmle_softplus_theory_ref1000_ds3_ws64_stochq,0.011154328000088753,0.011305307000043285,results/models/tmp/4ffe793dcec6a3bea73aee098b4b344b_rep0.pt,0.002844832000050701,False,0.005055016000028445,.pt,10000,softplus,3,0.0,1.772876075999875,0,27.59928812299995,best_repeat,near_zero,850634454,4ffe793dcec6a3bea73aee098b4b344b,1.2554204580000032,0.010574727618006107,euclidean1d,euclidean,0.6666666666666666,302987,,,,1
,,,,,,,,,,,,,,,,,,results/models/best/4ffe793dcec6a3bea73aee098b4b344b/best_model.pt,2,2.0,,,uniform,0.0,theory,0.6666666666666666,theory_ref1000_ds3_ws64_stochq,4,"[96, 96, 96, 96]",128,stochastic,96,0.0001,1,30.0,27.83386446199995,,0.7259459609999794,False,,,,,,,30.3557,,dnn_npmle_softplus_theory_ref1000_ds3_ws64_stochq,0.02059838699994998,0.01152155500005847,results/models/tmp/4ffe793dcec6a3bea73aee098b4b344b_rep1.pt,0.002769424000007348,False,0.005579944999908548,.pt,10000,softplus,3,0.0,1.7722671630001514,1,31.60939737199999,best_repeat,near_zero,850634455,4ffe793dcec6a3bea73aee098b4b344b,1.2773197859999073,0.019864972789190322,euclidean1d,euclidean,0.6666666666666666,303557,,,,1
,,,,,,,,,,,,,,results/plots/intensity/near_zero/euclidean1d/zdim_1/n_10000/dnn_npmle_softplus_theory_ref1000_ds3_ws64_stochq,"[""results/plots/intensity/near_zero/euclidean1d/zdim_1/n_10000/dnn_npmle_softplus_theory_ref1000_ds3_ws64_stochq/intensity_1d.png""]",results/plots/intensity/near_zero/euclidean1d/zdim_1/n_10000/dnn_npmle_softplus_theory_ref1000_ds3_ws64_stochq/best_repeat_plot_metadata.json,2,results/models/best/4ffe793dcec6a3bea73aee098b4b344b/best_model.pt,2,2.0,,,uniform,0.0,theory,0.6666666666666666,theory_ref1000_ds3_ws64_stochq,4,"[96, 96, 96, 96]",128,stochastic,96,0.0001,1,30.0,28.37038678900001,,0.7224944649999543,True,,,,,,,30.4129,,dnn_npmle_softplus_theory_ref1000_ds3_ws64_stochq,0.032605085000000145,0.012571813000022303,results/models/tmp/4ffe793dcec6a3bea73aee098b4b344b_rep2.pt,0.002990167999996629,True,0.007609618000060436,.pt,10000,softplus,3,0.573916481000083,1.7669879750000064,2,32.67968185400002,best_repeat,near_zero,850634456,4ffe793dcec6a3bea73aee098b4b344b,1.2458961439999712,0.0072086303685621,euclidean1d,euclidean,0.6666666666666666,304129,,,,1
,,,,,,,,,,,,,,,,,,results/models/best/6908b5a765af7890c1e653444e30cffb/best_model.pt,1,2.0,,,uniform,0.0,theory,0.6666666666666666,theory_ref1000_ds3_ws64_stochq,4,"[96, 96, 96, 96]",128,stochastic,96,0.0001,1,30.0,23.84412072500004,,0.047950698000022385,False,,,,,,,30.2987,,dnn_npmle_relu_theory_ref1000_ds3_ws64_stochq,0.011262637000072573,0.011653389999992214,results/models/tmp/6908b5a765af7890c1e653444e30cffb_rep0.pt,0.002770583000028637,False,0.00526439999998729,.pt,10000,relu,3,0.0,1.7450291989999869,0,26.95195852400002,best_repeat,near_zero,850634454,6908b5a765af7890c1e653444e30cffb,1.3148579019999715,0.035610374263520844,euclidean1d,euclidean,0.6666666666666666,302987,,,,1
,,,,,,,,,,,,,,,,,,results/models/best/6908b5a765af7890c1e653444e30cffb/best_model.pt,1,2.0,,,uniform,0.0,theory,0.6666666666666666,theory_ref1000_ds3_ws64_stochq,4,"[96, 96, 96, 96]",128,stochastic,96,0.0001,1,30.0,35.397105193000016,,0.045271888000002036,False,,,,,,,30.3557,,dnn_npmle_relu_theory_ref1000_ds3_ws64_stochq,0.02042220099997394,0.01145444700000553,results/models/tmp/6908b5a765af7890c1e653444e30cffb_rep1.pt,0.002480215999980828,True,0.006030338999948981,.pt,10000,relu,3,0.0,1.7887003929998855,1,38.506742446999965,best_repeat,near_zero,850634455,6908b5a765af7890c1e653444e30cffb,1.2756649730000618,0.02170342274740979,euclidean1d,euclidean,0.6666666666666666,303557,,,,1
,,,,,,,,,,,,,,results/plots/intensity/near_zero/euclidean1d/zdim_1/n_10000/dnn_npmle_relu_theory_ref1000_ds3_ws64_stochq,"[""results/plots/intensity/near_zero/euclidean1d/zdim_1/n_10000/dnn_npmle_relu_theory_ref1000_ds3_ws64_stochq/intensity_1d.png""]",results/plots/intensity/near_zero/euclidean1d/zdim_1/n_10000/dnn_npmle_relu_theory_ref1000_ds3_ws64_stochq/best_repeat_plot_metadata.json,1,results/models/best/6908b5a765af7890c1e653444e30cffb/best_model.pt,1,2.0,,,uniform,0.0,theory,0.6666666666666666,theory_ref1000_ds3_ws64_stochq,4,"[96, 96, 96, 96]",128,stochastic,96,0.0001,1,30.0,23.485856635000005,,0.045079195999960575,True,,,,,,,30.4129,,dnn_npmle_relu_theory_ref1000_ds3_ws64_stochq,0.03276560500000869,0.011940955999989455,results/models/tmp/6908b5a765af7890c1e653444e30cffb_rep2.pt,0.0027356550000376956,False,0.007357460000093852,.pt,10000,relu,3,0.6453575300000693,1.7433413349999682,2,27.087732081000013,best_repeat,near_zero,850634456,6908b5a765af7890c1e653444e30cffb,1.16809738500001,0.037709108627317765,euclidean1d,euclidean,0.6666666666666666,304129,,,,1
,,,,,,,,,,,,,,,,,,results/models/best/d96fa2540b4c2c7d7461724f120a54b9/best_model.pt,1,2.0,,,uniform,0.0,theory,0.4,theory_ref1000_ds3_ws64_stochq,2,"[40, 40]",128,stochastic,40,0.0001,1,30.0,3.7685185450000063,,0.7294547310000326,False,,,,,,,30.05,,dnn_npmle_softplus_theory_ref1000_ds3_ws64_stochq,0.011009020000074088,0.012030914999968445,results/models/tmp/d96fa2540b4c2c7d7461724f120a54b9_rep0.pt,0.002589079000017591,False,0.004610189999993963,.pt,100,softplus,3,0.0,1.754131631999826,0,6.271421578999934,best_repeat,near_zero,2987591812,d96fa2540b4c2c7d7461724f120a54b9,0.01931667100006962,0.7430958352446175,euclidean1d,euclidean,0.4,3005,,,,5
,,,,,,,,,,,,,,,,,,results/models/best/d96fa2540b4c2c7d7461724f120a54b9/best_model.pt,1,2.0,,,uniform,0.0,theory,0.4,theory_ref1000_ds3_ws64_stochq,2,"[40, 40]",128,stochastic,40,0.0001,1,30.0,4.042072359000031,,0.708925254000178,False,,,,,,,29.21,,dnn_npmle_softplus_theory_ref1000_ds3_ws64_stochq,0.02921469599982629,0.01260072000013679,results/models/tmp/d96fa2540b4c2c7d7461724f120a54b9_rep1.pt,0.0024089659998480784,True,0.0061125910001464945,.pt,100,softplus,3,0.0,1.7539715219998016,1,6.52250392499991,best_repeat,near_zero,2987591813,d96fa2540b4c2c7d7461724f120a54b9,0.017534789999899658,0.2769371424000524,euclidean1d,euclidean,0.4,2921,,,,5
,,,,,,,,,,,,,,results/plots/intensity/near_zero/euclidean1d/zdim_5/n_100/dnn_npmle_softplus_theory_ref1000_ds3_ws64_stochq,"[""results/plots/intensity/near_zero/euclidean1d/zdim_5/n_100/dnn_npmle_softplus_theory_ref1000_ds3_ws64_stochq/intensity_1d.png""]",results/plots/intensity/near_zero/euclidean1d/zdim_5/n_100/dnn_npmle_softplus_theory_ref1000_ds3_ws64_stochq/best_repeat_plot_metadata.json,1,results/models/best/d96fa2540b4c2c7d7461724f120a54b9/best_model.pt,1,2.0,,,uniform,0.0,theory,0.4,theory_ref1000_ds3_ws64_stochq,2,"[40, 40]",128,stochastic,40,0.0001,1,30.0,3.6987230810000256,,0.722268277000012,True,,,,,,,30.49,,dnn_npmle_softplus_theory_ref1000_ds3_ws64_stochq,0.03608937500007414,0.01293113099995935,results/models/tmp/d96fa2540b4c2c7d7461724f120a54b9_rep2.pt,0.0021809259999372443,False,0.007036709999965751,.pt,100,softplus,3,0.5364135960001022,1.7689029269999992,2,6.74506201500003,best_repeat,near_zero,2987591814,d96fa2540b4c2c7d7461724f120a54b9,0.018754133999891565,0.7452779770473792,euclidean1d,euclidean,0.4,3049,,,,5
,,,,,,,,,,,,,,,,,,results/models/best/ba479395b1077e314c03efbfe7febdd7/best_model.pt,1,2.0,,,uniform,0.0,theory,0.4,theory_ref1000_ds3_ws64_stochq,2,"[40, 40]",128,stochastic,40,0.0001,1,30.0,3.7671730980000575,,0.04265447100010533,False,,,,,,,30.05,,dnn_npmle_relu_theory_ref1000_ds3_ws64_stochq,0.011129600999993272,0.012927356000091095,results/models/tmp/ba479395b1077e314c03efbfe7febdd7_rep0.pt,0.0023407359999509936,False,0.004766052999912063,.pt,100,relu,3,0.0,1.737082990999852,0,5.564907365999943,best_repeat,near_zero,2987591812,ba479395b1077e314c03efbfe7febdd7,0.017996805999928256,0.743934728613648,euclidean1d,euclidean,0.4,3005,,,,5
,,,,,,,,,,,,,,,,,,results/models/best/ba479395b1077e314c03efbfe7febdd7/best_model.pt,1,2.0,,,uniform,0.0,theory,0.4,theory_ref1000_ds3_ws64_stochq,2,"[40, 40]",128,stochastic,40,0.0001,1,30.0,3.9733422640001663,,0.04148587800000314,False,,,,,,,29.21,,dnn_npmle_relu_theory_ref1000_ds3_ws64_stochq,0.023116286000004038,0.013459108000006381,results/models/tmp/ba479395b1077e314c03efbfe7febdd7_rep1.pt,0.002352433999931236,True,0.006020338000098491,.pt,100,relu,3,0.0,1.7444946589998835,1,5.7766976190000605,best_repeat,near_zero,2987591813,ba479395b1077e314c03efbfe7febdd7,0.017374818000007508,0.28289093817409183,euclidean1d,euclidean,0.4,2921,,,,5
,,,,,,,,,,,,,,results/plots/intensity/near_zero/euclidean1d/zdim_5/n_100/dnn_npmle_relu_theory_ref1000_ds3_ws64_stochq,"[""results/plots/intensity/near_zero/euclidean1d/zdim_5/n_100/dnn_npmle_relu_theory_ref1000_ds3_ws64_stochq/intensity_1d.png""]",results/plots/intensity/near_zero/euclidean1d/zdim_5/n_100/dnn_npmle_relu_theory_ref1000_ds3_ws64_stochq/best_repeat_plot_metadata.json,1,results/models/best/ba479395b1077e314c03efbfe7febdd7/best_model.pt,1,2.0,,,uniform,0.0,theory,0.4,theory_ref1000_ds3_ws64_stochq,2,"[40, 40]",128,stochastic,40,0.0001,1,30.0,3.774898538999878,,0.04058690900001238,True,,,,,,,30.49,,dnn_npmle_relu_theory_ref1000_ds3_ws64_stochq,0.03879021900002044,0.013144066999984716,results/models/tmp/ba479395b1077e314c03efbfe7febdd7_rep2.pt,0.0021737670001584775,False,0.008271897999975408,.pt,100,relu,3,0.6652260619998742,1.8139588080002795,2,6.3138268709999466,best_repeat,near_zero,2987591814,ba479395b1077e314c03efbfe7febdd7,0.019156552999902487,0.7396151569076042,euclidean1d,euclidean,0.4,3049,,,,5
,,,,,,,,,,,,,,,,,,results/models/best/ac62fec7f48a52f44f84982a77a912e2/best_model.pt,1,2.0,,,uniform,0.0,theory,0.4,theory_ref1000_ds3_ws64_stochq,3,"[48, 48, 48]",128,stochastic,48,0.0001,1,30.0,3.5880679879999207,,0.726945354999998,False,,,,,,,29.917721518987342,,dnn_npmle_softplus_theory_ref1000_ds3_ws64_stochq,0.012629395999965709,0.013626883000142698,results/models/tmp/ac62fec7f48a52f44f84982a77a912e2_rep0.pt,0.002562925000120231,False,0.005114056000138589,.pt,316,softplus,3,0.0,1.7750877999999375,0,6.131730120999919,best_repeat,near_zero,3907537496,ac62fec7f48a52f44f84982a77a912e2,0.04162897800006249,0.28421293993035474,euclidean1d,euclidean,0.4,9454,,,,5
,,,,,,,,,,,,,,,,,,results/models/best/ac62fec7f48a52f44f84982a77a912e2/best_model.pt,1,2.0,,,uniform,0.0,theory,0.4,theory_ref1000_ds3_ws64_stochq,3,"[48, 48, 48]",128,stochastic,48,0.0001,1,30.0,3.9169234759999654,,0.7381449289998727,False,,,,,,,29.86392405063291,,dnn_npmle_softplus_theory_ref1000_ds3_ws64_stochq,0.025327422000145816,0.014641460999882838,results/models/tmp/ac62fec7f48a52f44f84982a77a912e2_rep1.pt,0.00271829399980561,True,0.006366784999954689,.pt,316,softplus,3,0.0,1.8054462840002543,1,6.503699846000018,best_repeat,near_zero,3907537497,ac62fec7f48a52f44f84982a77a912e2,0.04318515699992531,0.1510633800445978,euclidean1d,euclidean,0.4,9437,,,,5
,,,,,,,,,,,,,,results/plots/intensity/near_zero/euclidean1d/zdim_5/n_316/dnn_npmle_softplus_theory_ref1000_ds3_ws64_stochq,"[""results/plots/intensity/near_zero/euclidean1d/zdim_5/n_316/dnn_npmle_softplus_theory_ref1000_ds3_ws64_stochq/intensity_1d.png""]",results/plots/intensity/near_zero/euclidean1d/zdim_5/n_316/dnn_npmle_softplus_theory_ref1000_ds3_ws64_stochq/best_repeat_plot_metadata.json,1,results/models/best/ac62fec7f48a52f44f84982a77a912e2/best_model.pt,1,2.0,,,uniform,0.0,theory,0.4,theory_ref1000_ds3_ws64_stochq,3,"[48, 48, 48]",128,stochastic,48,0.0001,1,30.0,3.378230457999962,,0.7357525330000954,True,,,,,,,30.060126582278482,,dnn_npmle_softplus_theory_ref1000_ds3_ws64_stochq,0.039437321000150405,0.014160651999873153,results/models/tmp/ac62fec7f48a52f44f84982a77a912e2_rep2.pt,0.002485433999936504,False,0.007506785000032323,.pt,316,softplus,3,0.5476030450001872,1.8535639209999317,2,6.560482555000135,best_repeat,near_zero,3907537498,ac62fec7f48a52f44f84982a77a912e2,0.045332597999959034,0.2529092991155566,euclidean1d,euclidean,0.4,9499,,,,5
,,,,,,,,,,,,,,,,,,results/models/best/027d4f529b0ac7b9f88516d2840836fd/best_model.pt,1,2.0,,,uniform,0.0,theory,0.4,theory_ref1000_ds3_ws64_stochq,3,"[48, 48, 48]",128,stochastic,48,0.0001,1,30.0,2.9797469470001943,,0.04184098499990796,False,,,,,,,29.917721518987342,,dnn_npmle_relu_theory_ref1000_ds3_ws64_stochq,0.013215799999898081,0.013248570000087057,results/models/tmp/027d4f529b0ac7b9f88516d2840836fd_rep0.pt,0.002299292000088826,False,0.005033320000165986,.pt,316,relu,3,0.0,1.7993350119998013,0,4.865701298999966,best_repeat,near_zero,3907537496,027d4f529b0ac7b9f88516d2840836fd,0.04477835500006222,0.4480242557111157,euclidean1d,euclidean,0.4,9454,,,,5
,,,,,,,,,,,,,,,,,,results/models/best/027d4f529b0ac7b9f88516d2840836fd/best_model.pt,1,2.0,,,uniform,0.0,theory,0.4,theory_ref1000_ds3_ws64_stochq,3,"[48, 48, 48]",128,stochastic,48,0.0001,1,30.0,4.358193632000166,,0.04601028399997631,False,,,,,,,29.86392405063291,,dnn_npmle_relu_theory_ref1000_ds3_ws64_stochq,0.027017168000156744,0.014790028000106759,results/models/tmp/027d4f529b0ac7b9f88516d2840836fd_rep1.pt,0.0028363040000840556,True,0.006813185000055455,.pt,316,relu,3,0.0,1.771708998000122,1,6.221016736000138,best_repeat,near_zero,3907537497,027d4f529b0ac7b9f88516d2840836fd,0.04510382199987362,0.15748763592652482,euclidean1d,euclidean,0.4,9437,,,,5
,,,,,,,,,,,,,,results/plots/intensity/near_zero/euclidean1d/zdim_5/n_316/dnn_npmle_relu_theory_ref1000_ds3_ws64_stochq,"[""results/plots/intensity/near_zero/euclidean1d/zdim_5/n_316/dnn_npmle_relu_theory_ref1000_ds3_ws64_stochq/intensity_1d.png""]",results/plots/intensity/near_zero/euclidean1d/zdim_5/n_316/dnn_npmle_relu_theory_ref1000_ds3_ws64_stochq/best_repeat_plot_metadata.json,1,results/models/best/027d4f529b0ac7b9f88516d2840836fd/best_model.pt,1,2.0,,,uniform,0.0,theory,0.4,theory_ref1000_ds3_ws64_stochq,3,"[48, 48, 48]",128,stochastic,48,0.0001,1,30.0,3.052455425999824,,0.04258968600015578,True,,,,,,,30.060126582278482,,dnn_npmle_relu_theory_ref1000_ds3_ws64_stochq,0.041069922000133374,0.014552673999787658,results/models/tmp/027d4f529b0ac7b9f88516d2840836fd_rep2.pt,0.0025441989998853387,False,0.008058964999918317,.pt,316,relu,3,0.6707422919998862,1.8211831220000931,2,5.631836301000021,best_repeat,near_zero,3907537498,027d4f529b0ac7b9f88516d2840836fd,0.04486577500006206,0.357590994827665,euclidean1d,euclidean,0.4,9499,,,,5
,,,,,,,,,,,,,,,,,,results/models/best/d8552d4b0fada00581d0cba552efdabb/best_model.pt,2,2.0,,,uniform,0.0,theory,0.4,theory_ref1000_ds3_ws64_stochq,3,"[64, 64, 64]",128,stochastic,64,0.0001,1,30.0,6.143747101999907,,0.753998872000011,False,,,,,,,30.256,,dnn_npmle_softplus_theory_ref1000_ds3_ws64_stochq,0.012829594000095312,0.01526337599989347,results/models/tmp/d8552d4b0fada00581d0cba552efdabb_rep0.pt,0.0027813880001303914,False,0.005261634999897069,.pt,1000,softplus,3,0.0,1.7583861319999414,0,8.799788676999924,best_repeat,near_zero,4045670410,d8552d4b0fada00581d0cba552efdabb,0.14365657100006501,0.09690009008732409,euclidean1d,euclidean,0.4,30256,,,,5
,,,,,,,,,,,,,,,,,,results/models/best/d8552d4b0fada00581d0cba552efdabb/best_model.pt,2,2.0,,,uniform,0.0,theory,0.4,theory_ref1000_ds3_ws64_stochq,3,"[64, 64, 64]",128,stochastic,64,0.0001,1,30.0,5.191121227999929,,0.755225677999988,False,,,,,,,30.018,,dnn_npmle_softplus_theory_ref1000_ds3_ws64_stochq,0.026874141000007512,0.014155971000036516,results/models/tmp/d8552d4b0fada00581d0cba552efdabb_rep1.pt,0.002370487000007415,False,0.006628421999948841,.pt,1000,softplus,3,0.0,1.7430882580001708,1,7.819519565000064,best_repeat,near_zero,4045670411,d8552d4b0fada00581d0cba552efdabb,0.13008440099997642,0.1271595249259181,euclidean1d,euclidean,0.4,30018,,,,5
,,,,,,,,,,,,,,results/plots/intensity/near_zero/euclidean1d/zdim_5/n_1000/dnn_npmle_softplus_theory_ref1000_ds3_ws64_stochq,"[""results/plots/intensity/near_zero/euclidean1d/zdim_5/n_1000/dnn_npmle_softplus_theory_ref1000_ds3_ws64_stochq/intensity_1d.png""]",results/plots/intensity/near_zero/euclidean1d/zdim_5/n_1000/dnn_npmle_softplus_theory_ref1000_ds3_ws64_stochq/best_repeat_plot_metadata.json,2,results/models/best/d8552d4b0fada00581d0cba552efdabb/best_model.pt,2,2.0,,,uniform,0.0,theory,0.4,theory_ref1000_ds3_ws64_stochq,3,"[64, 64, 64]",128,stochastic,64,0.0001,1,30.0,6.811382305000052,,0.7362194329998601,True,,,,,,,29.815,,dnn_npmle_softplus_theory_ref1000_ds3_ws64_stochq,0.04248367299987876,0.015943315999948027,results/models/tmp/d8552d4b0fada00581d0cba552efdabb_rep2.pt,0.002652723999972295,True,0.007123580000097718,.pt,1000,softplus,3,0.5493606850000106,1.8173243640001147,2,10.038515672999893,best_repeat,near_zero,4045670412,d8552d4b0fada00581d0cba552efdabb,0.12422888599985527,0.05293165668601491,euclidean1d,euclidean,0.4,29815,,,,5
,,,,,,,,,,,,,,,,,,results/models/best/2856c4786860bd1430a9ded95cf42489/best_model.pt,0,2.0,,,uniform,0.0,theory,0.4,theory_ref1000_ds3_ws64_stochq,3,"[64, 64, 64]",128,stochastic,64,0.0001,1,30.0,6.02312021900002,,0.044303248000005624,False,,,,,,,30.256,,dnn_npmle_relu_theory_ref1000_ds3_ws64_stochq,0.013601626000081524,0.015580833999820243,results/models/tmp/2856c4786860bd1430a9ded95cf42489_rep0.pt,0.002880778999951872,True,0.005374950000032186,.pt,1000,relu,3,0.0,1.767847976999974,0,7.984992526000042,best_repeat,near_zero,4045670410,2856c4786860bd1430a9ded95cf42489,0.14972108200004186,0.11807968392110223,euclidean1d,euclidean,0.4,30256,,,,5
,,,,,,,,,,,,,,,,,,results/models/best/2856c4786860bd1430a9ded95cf42489/best_model.pt,0,2.0,,,uniform,0.0,theory,0.4,theory_ref1000_ds3_ws64_stochq,3,"[64, 64, 64]",128,stochastic,64,0.0001,1,30.0,5.301658869000221,,0.0435138249999909,False,,,,,,,30.018,,dnn_npmle_relu_theory_ref1000_ds3_ws64_stochq,0.028111148000107278,0.015173055999866847,results/models/tmp/2856c4786860bd1430a9ded95cf42489_rep1.pt,0.0023962249999840424,False,0.006673732000081145,.pt,1000,relu,3,0.0,1.7567717179997544,1,7.234683442000005,best_repeat,near_zero,4045670411,2856c4786860bd1430a9ded95cf42489,0.13273903000003884,0.17425075107909394,euclidean1d,euclidean,0.4,30018,,,,5
,,,,,,,,,,,,,,results/plots/intensity/near_zero/euclidean1d/zdim_5/n_1000/dnn_npmle_relu_theory_ref1000_ds3_ws64_stochq,"[""results/plots/intensity/near_zero/euclidean1d/zdim_5/n_1000/dnn_npmle_relu_theory_ref1000_ds3_ws64_stochq/intensity_1d.png""]",results/plots/intensity/near_zero/euclidean1d/zdim_5/n_1000/dnn_npmle_relu_theory_ref1000_ds3_ws64_stochq/best_repeat_plot_metadata.json,0,results/models/best/2856c4786860bd1430a9ded95cf42489/best_model.pt,0,2.0,,,uniform,0.0,theory,0.4,theory_ref1000_ds3_ws64_stochq,3,"[64, 64, 64]",128,stochastic,64,0.0001,1,30.0,4.933004601999983,,0.04563359799999489,True,,,,,,,29.815,,dnn_npmle_relu_theory_ref1000_ds3_ws64_stochq,0.04488098199999513,0.015743863000125202,results/models/tmp/2856c4786860bd1430a9ded95cf42489_rep2.pt,0.0025802790000852838,False,0.007514804000038566,.pt,1000,relu,3,0.6743316079998749,1.8068739260002076,2,7.587922960000014,best_repeat,near_zero,4045670412,2856c4786860bd1430a9ded95cf42489,0.12807922599995436,0.15182792871125014,euclidean1d,euclidean,0.4,29815,,,,5
,,,,,,,,,,,,,,,,,,results/models/best/d25042c47586f36f634680be988618e9/best_model.pt,1,2.0,,,uniform,0.0,theory,0.4,theory_ref1000_ds3_ws64_stochq,4,"[96, 96, 96, 96]",128,stochastic,96,0.0001,1,30.0,8.250556546000098,,0.7505405819999851,False,,,,,,,29.76597090449083,,dnn_npmle_softplus_theory_ref1000_ds3_ws64_stochq,0.014398819999996704,0.020249317999969207,results/models/tmp/d25042c47586f36f634680be988618e9_rep0.pt,0.004126626000015676,False,0.005492297000046165,.pt,3162,softplus,3,0.0,1.786953331999939,0,11.18375225800014,best_repeat,near_zero,3535730666,d25042c47586f36f634680be988618e9,0.3957017980001183,0.03661926487649965,euclidean1d,euclidean,0.4,94120,,,,5
,,,,,,,,,,,,,,,,,,results/models/best/d25042c47586f36f634680be988618e9/best_model.pt,1,2.0,,,uniform,0.0,theory,0.4,theory_ref1000_ds3_ws64_stochq,4,"[96, 96, 96, 96]",128,stochastic,96,0.0001,1,30.0,12.393752648999907,,0.7598675320000439,False,,,,,,,30.037950664136623,,dnn_npmle_softplus_theory_ref1000_ds3_ws64_stochq,0.03034737899997708,0.016713427000013326,results/models/tmp/d25042c47586f36f634680be988618e9_rep1.pt,0.002819548999923427,True,0.006467644999929689,.pt,3162,softplus,3,0.0,1.7806586730000618,1,15.328888804999906,best_repeat,near_zero,3535730667,d25042c47586f36f634680be988618e9,0.39460995099989304,0.027970448100946826,euclidean1d,euclidean,0.4,94980,,,,5
,,,,,,,,,,,,,,results/plots/intensity/near_zero/euclidean1d/zdim_5/n_3162/dnn_npmle_softplus_theory_ref1000_ds3_ws64_stochq,"[""results/plots/intensity/near_zero/euclidean1d/zdim_5/n_3162/dnn_npmle_softplus_theory_ref1000_ds3_ws64_stochq/intensity_1d.png""]",results/plots/intensity/near_zero/euclidean1d/zdim_5/n_3162/dnn_npmle_softplus_theory_ref1000_ds3_ws64_stochq/best_repeat_plot_metadata.json,1,results/models/best/d25042c47586f36f634680be988618e9/best_model.pt,1,2.0,,,uniform,0.0,theory,0.4,theory_ref1000_ds3_ws64_stochq,4,"[96, 96, 96, 96]",128,stochastic,96,0.0001,1,30.0,8.830121988999963,,0.745240603999946,True,,,,,,,30.01865907653384,,dnn_npmle_softplus_theory_ref1000_ds3_ws64_stochq,0.04492622800012214,0.016037138000001505,results/models/tmp/d25042c47586f36f634680be988618e9_rep2.pt,0.0028147660000286123,False,0.007351257999971494,.pt,3162,softplus,3,0.559546839999939,1.7831170180004392,2,12.322682590000113,best_repeat,near_zero,3535730668,d25042c47586f36f634680be988618e9,0.404656138999826,0.040534807073048594,euclidean1d,euclidean,0.4,94919,,,,5
,,,,,,,,,,,,,,,,,,results/models/best/f2021209e5c85fd83fc44ab9e2c93840/best_model.pt,0,2.0,,,uniform,0.0,theory,0.4,theory_ref1000_ds3_ws64_stochq,4,"[96, 96, 96, 96]",128,stochastic,96,0.0001,1,30.0,14.960170177000009,,0.046348261000048296,False,,,,,,,29.76597090449083,,dnn_npmle_relu_theory_ref1000_ds3_ws64_stochq,0.014893648999986908,0.015296293999881527,results/models/tmp/f2021209e5c85fd83fc44ab9e2c93840_rep0.pt,0.0025590899999770045,True,0.005486393999944994,.pt,3162,relu,3,0.0,1.7341352359999291,0,17.133270003000007,best_repeat,near_zero,3535730666,f2021209e5c85fd83fc44ab9e2c93840,0.3926163290000204,0.06295329528215954,euclidean1d,euclidean,0.4,94120,,,,5
,,,,,,,,,,,,,,,,,,results/models/best/f2021209e5c85fd83fc44ab9e2c93840/best_model.pt,0,2.0,,,uniform,0.0,theory,0.4,theory_ref1000_ds3_ws64_stochq,4,"[96, 96, 96, 96]",128,stochastic,96,0.0001,1,30.0,13.180450822000012,,0.04859768000005715,False,,,,,,,30.037950664136623,,dnn_npmle_relu_theory_ref1000_ds3_ws64_stochq,0.03162293100012903,0.017224498999894422,results/models/tmp/f2021209e5c85fd83fc44ab9e2c93840_rep1.pt,0.002894640000022264,False,0.006704382999942027,.pt,3162,relu,3,0.0,1.8914280589999635,1,15.529407769000045,best_repeat,near_zero,3535730667,f2021209e5c85fd83fc44ab9e2c93840,0.4089312080000127,0.09271399327192979,euclidean1d,euclidean,0.4,94980,,,,5
,,,,,,,,,,,,,,results/plots/intensity/near_zero/euclidean1d/zdim_5/n_3162/dnn_npmle_relu_theory_ref1000_ds3_ws64_stochq,"[""results/plots/intensity/near_zero/euclidean1d/zdim_5/n_3162/dnn_npmle_relu_theory_ref1000_ds3_ws64_stochq/intensity_1d.png""]",results/plots/intensity/near_zero/euclidean1d/zdim_5/n_3162/dnn_npmle_relu_theory_ref1000_ds3_ws64_stochq/best_repeat_plot_metadata.json,0,results/models/best/f2021209e5c85fd83fc44ab9e2c93840/best_model.pt,0,2.0,,,uniform,0.0,theory,0.4,theory_ref1000_ds3_ws64_stochq,4,"[96, 96, 96, 96]",128,stochastic,96,0.0001,1,30.0,11.168112185999917,,0.04808864699998594,True,,,,,,,30.01865907653384,,dnn_npmle_relu_theory_ref1000_ds3_ws64_stochq,0.04583559499997136,0.016125273000170637,results/models/tmp/f2021209e5c85fd83fc44ab9e2c93840_rep2.pt,0.0028239680000297085,False,0.008182018000070457,.pt,3162,relu,3,0.6715648179999789,1.8117614540003615,2,14.119506053000123,best_repeat,near_zero,3535730668,f2021209e5c85fd83fc44ab9e2c93840,0.4199789479998799,0.1137946302981385,euclidean1d,euclidean,0.4,94919,,,,5
,,,,,,,,,,,,,,,,,,results/models/best/c3fbcdbf16e25991d398b9971f3a4708/best_model.pt,0,2.0,,,uniform,0.0,theory,0.4,theory_ref1000_ds3_ws64_stochq,4,"[128, 128, 128, 128]",128,stochastic,128,0.0001,1,30.0,29.509492992000105,,0.7401527209999585,False,,,,,,,30.1413,,dnn_npmle_softplus_theory_ref1000_ds3_ws64_stochq,0.016045018000113487,0.01688305099992249,results/models/tmp/c3fbcdbf16e25991d398b9971f3a4708_rep0.pt,0.003051903999903516,True,0.0060104890001184685,.pt,10000,softplus,3,0.0,1.7569474089998494,0,33.277990302000035,best_repeat,near_zero,920046013,c3fbcdbf16e25991d398b9971f3a4708,1.2713971800001218,0.010717479892370105,euclidean1d,euclidean,0.4,301413,,,,5
,,,,,,,,,,,,,,,,,,results/models/best/c3fbcdbf16e25991d398b9971f3a4708/best_model.pt,0,2.0,,,uniform,0.0,theory,0.4,theory_ref1000_ds3_ws64_stochq,4,"[128, 128, 128, 128]",128,stochastic,128,0.0001,1,30.0,39.359753082,,0.7472342519999984,False,,,,,,,30.1265,,dnn_npmle_softplus_theory_ref1000_ds3_ws64_stochq,0.03284770300001583,0.016968034999990778,results/models/tmp/c3fbcdbf16e25991d398b9971f3a4708_rep1.pt,0.002722790999996505,False,0.007198872999879313,.pt,10000,softplus,3,0.0,1.7904883649998737,1,43.20720996499995,best_repeat,near_zero,920046014,c3fbcdbf16e25991d398b9971f3a4708,1.3097342660000777,0.017944531618249198,euclidean1d,euclidean,0.4,301265,,,,5
,,,,,,,,,,,,,,results/plots/intensity/near_zero/euclidean1d/zdim_5/n_10000/dnn_npmle_softplus_theory_ref1000_ds3_ws64_stochq,"[""results/plots/intensity/near_zero/euclidean1d/zdim_5/n_10000/dnn_npmle_softplus_theory_ref1000_ds3_ws64_stochq/intensity_1d.png""]",results/plots/intensity/near_zero/euclidean1d/zdim_5/n_10000/dnn_npmle_softplus_theory_ref1000_ds3_ws64_stochq/best_repeat_plot_metadata.json,0,results/models/best/c3fbcdbf16e25991d398b9971f3a4708/best_model.pt,0,2.0,,,uniform,0.0,theory,0.4,theory_ref1000_ds3_ws64_stochq,4,"[128, 128, 128, 128]",128,stochastic,128,0.0001,1,30.0,45.758474162000084,,0.7717362549999507,True,,,,,,,30.0998,,dnn_npmle_softplus_theory_ref1000_ds3_ws64_stochq,0.0528088440000829,0.0177648119999958,results/models/tmp/c3fbcdbf16e25991d398b9971f3a4708_rep2.pt,0.003230315999871891,False,0.009183599000152753,.pt,10000,softplus,3,0.5733210979999512,1.8229945740001767,2,50.237151154,best_repeat,near_zero,920046015,c3fbcdbf16e25991d398b9971f3a4708,1.31062506499984,0.014557769827910235,euclidean1d,euclidean,0.4,300998,,,,5
,,,,,,,,,,,,,,,,,,results/models/best/470d71d9de611752b01ae6e17d65ae5a/best_model.pt,1,2.0,,,uniform,0.0,theory,0.4,theory_ref1000_ds3_ws64_stochq,4,"[128, 128, 128, 128]",128,stochastic,128,0.0001,1,30.0,29.286885126999778,,0.04789116400002058,False,,,,,,,30.1413,,dnn_npmle_relu_theory_ref1000_ds3_ws64_stochq,0.01639540299993314,0.016977115000145204,results/models/tmp/470d71d9de611752b01ae6e17d65ae5a_rep0.pt,0.003047984999966502,False,0.005945474999862199,.pt,10000,relu,3,0.0,1.7629515250000622,0,32.34810871899981,best_repeat,near_zero,920046013,470d71d9de611752b01ae6e17d65ae5a,1.2503809029999502,0.03471993061861819,euclidean1d,euclidean,0.4,301413,,,,5
,,,,,,,,,,,,,,,,,,results/models/best/470d71d9de611752b01ae6e17d65ae5a/best_model.pt,1,2.0,,,uniform,0.0,theory,0.4,theory_ref1000_ds3_ws64_stochq,4,"[128, 128, 128, 128]",128,stochastic,128,0.0001,1,30.0,34.91569094400006,,0.0481484869999349,False,,,,,,,30.1265,,dnn_npmle_relu_theory_ref1000_ds3_ws64_stochq,0.03147908200003258,0.016611208999847804,results/models/tmp/470d71d9de611752b01ae6e17d65ae5a_rep1.pt,0.003708818999939467,True,0.007119108000097185,.pt,10000,relu,3,0.0,1.7816351239996493,1,38.01124406099984,best_repeat,near_zero,920046014,470d71d9de611752b01ae6e17d65ae5a,1.265769506000197,0.023052577819937248,euclidean1d,euclidean,0.4,301265,,,,5
,,,,,,,,,,,,,,results/plots/intensity/near_zero/euclidean1d/zdim_5/n_10000/dnn_npmle_relu_theory_ref1000_ds3_ws64_stochq,"[""results/plots/intensity/near_zero/euclidean1d/zdim_5/n_10000/dnn_npmle_relu_theory_ref1000_ds3_ws64_stochq/intensity_1d.png""]",results/plots/intensity/near_zero/euclidean1d/zdim_5/n_10000/dnn_npmle_relu_theory_ref1000_ds3_ws64_stochq/best_repeat_plot_metadata.json,1,results/models/best/470d71d9de611752b01ae6e17d65ae5a/best_model.pt,1,2.0,,,uniform,0.0,theory,0.4,theory_ref1000_ds3_ws64_stochq,4,"[128, 128, 128, 128]",128,stochastic,128,0.0001,1,30.0,26.892979715000138,,0.04114530899983038,True,,,,,,,30.0998,,dnn_npmle_relu_theory_ref1000_ds3_ws64_stochq,0.047572746000014376,0.017762821000133044,results/models/tmp/470d71d9de611752b01ae6e17d65ae5a_rep2.pt,0.002876251000088814,False,0.008491075999927489,.pt,10000,relu,3,0.6442094569999881,1.787102207000089,2,30.61954762000005,best_repeat,near_zero,920046015,470d71d9de611752b01ae6e17d65ae5a,1.2541109320000032,0.03039651990365504,euclidean1d,euclidean,0.4,300998,,,,5
